{"cameraMode":{"drawMode":0,"name":"Shaded","section":"Shading Mode"},"sceneLighting":true,"audioPlay":false,"sceneViewState":{"showFog":true,"showMaterialUpdate":false,"showSkybox":true,"showFlares":true,"showImageEffects":true,"showParticleSystems":true},"in2DMode":false,"pivot":{"x":-1.204848051071167,"y":-0.1408475637435913,"z":-0.8364379405975342},"rotation":{"x":-0.3115299940109253,"y":0.00626850500702858,"z":-0.002055225195363164,"w":-0.9502144455909729},"size":6.6654253005981449,"orthographic":false}